,mean,std,sharpe,max_drawdown,mean_corr_with_cryus
prediction_target_alan_v4_20,0.00995361295701271,0.021958286764507978,0.45329642807566917,0.11307160793758064,0.6647797461942601
prediction_target_cyrus_v4_20,0.018551245987405922,0.021032121216493945,0.8820435084245114,0.0797118588937189,1.0
prediction_target_nomi_v4_20,0.01853608986490792,0.02111171779127914,0.8780000778792542,0.07154309062425046,0.8247834135735804
prediction_target_victor_v4_20,0.017782080258385104,0.01922136282758446,0.9251206804580031,0.0874112529968567,0.8289360473026196
prediction_target_ralph_v4_20,0.017895072102968444,0.01997958407999249,0.8956678993577514,0.049116587366825115,0.8805940840009236
prediction_target_bravo_v4_20,0.01812844577287503,0.02028315672908346,0.8937684609457832,0.07084491838377716,0.8034901992719581
