,mean,std,sharpe,max_drawdown,mean_corr_with_cryus
prediction_target_nomi_v4_20,0.01853608986490792,0.02111171779127914,0.8780000778792542,0.07154309062425046,0.8247834135735804
prediction_target_tyler_v4_20,0.017374805699488696,0.021003894409658982,0.8272182939321295,0.07318641182984376,0.6951616337316873
