,mean,std,sharpe,max_drawdown
prediction_target_victor_v4_20,0.018402134158705116,0.018678634878437204,0.9851969524790442,0.04599835083482828
prediction_target_ralph_v4_20,0.018311918680016536,0.019790843332412128,0.9252722773074805,0.047267852224695206
ensemble,0.01929923200525302,0.019415809996886208,0.9939957183526268,0.042542572627882524
