,mean,std,sharpe,max_drawdown
prediction_target_alan_v4_20,0.01407985124597349,0.022449561577355562,0.62717711423708,0.09110191199439543
prediction_target_cyrus_v4_20,0.021521010382631173,0.02282007637201157,0.9430735476865592,0.09620326989238404
prediction_target_nomi_v4_20,0.020510395808250547,0.021895921329331068,0.9367222095731356,0.06828918765729464
prediction_target_victor_v4_20,0.020370047046130504,0.020823913184755828,0.9782045701689932,0.1132232763154124
ensemble,0.021126963463033662,0.021870436348244007,0.9660055760492388,0.09753206112811785
