,mean,std,sharpe,max_drawdown,mean_corr_with_cryus
prediction_target_alan_v4_20,0.01407985124597349,0.022449561577355562,0.62717711423708,0.09110191199439543,0.6647797461942601
prediction_target_cyrus_v4_20,0.021521010382631173,0.02282007637201157,0.9430735476865592,0.09620326989238404,1.0
prediction_target_nomi_v4_20,0.020510395808250547,0.021895921329331068,0.9367222095731356,0.06828918765729464,0.8247834135735804
prediction_target_victor_v4_20,0.020370047046130504,0.020823913184755828,0.9782045701689932,0.1132232763154124,0.8289360473026196
prediction_target_ralph_v4_20,0.020524123969753526,0.021710699157887495,0.9453460628096407,0.07615146941294526,0.8805940840009236
prediction_target_bravo_v4_20,0.020144324711346223,0.021291023420466813,0.9461416820377793,0.08585603047010304,0.8034901992719581
