,mean,std,sharpe,max_drawdown,mean_corr_with_cryus
prediction_target_cyrus_v4_20,0.019077934530577764,0.02070452771329086,0.9214378031106241,0.050978282972050426,1.0
prediction_target_waldo_v4_20,0.017618266064978808,0.02036293921958983,0.8652123288778196,0.04712846763097156,0.8161044315661582
prediction_target_victor_v4_20,0.018402134158705116,0.018678634878437204,0.9851969524790442,0.04599835083482828,0.8289496852289098
prediction_target_xerxes_v4_20,0.018173754126542856,0.021039693121240627,0.8637841826787644,0.05491523735791981,0.9409597318418513
